<?xml version="1.0"?>

<!DOCTYPE hibernate-mapping PUBLIC

"-//Hibernate/Hibernate Mapping DTD 3.0//EN"

"http://hibernate.sourceforge.net/hibernate-mapping-3.0.dtd">



<hibernate-mapping>



	<class name="com.cms.deloitte.model.Product" table="hr.Product420">

	

		<id name="productId" type="int" column="ProId">

			<generator class="assigned"/>

		</id>
<property name= "productName" column="ProName" />


		<property name="qoh" column="Quantity" />
		
		<property name="price"  />

	



	</class>

</hibernate-mapping>